missing_gene_num,nrmse,time,missing_sample_size
10,0.90151786474622,0.27223014831543,10
10,1.02810549447695,0.349265098571777,50
10,1.03003327237627,0.406099319458008,100
10,0.842704772026361,0.292348861694336,10
10,0.805104693649605,0.333775758743286,50
10,0.844737089740688,0.413294076919556,100
10,1.01321414428584,0.277618408203125,10
10,0.875057128128371,0.361443042755127,50
10,0.878162392295793,0.421475410461426,100
