missing_num,nrmse,time
10,1.03003327237627,0.430489301681519
50,0.889251453771265,0.820586204528809
100,1.01882146619401,1.28129124641418
10,0.844737089740688,0.434002876281738
50,0.987932641993551,1.06804656982422
100,0.907287009196954,1.41773343086243
10,0.878162392295793,0.425299644470215
50,0.882590899144392,0.792357444763184
100,1.18910456022452,1.27169418334961
